"Data Source","Indicadores del desarrollo mundial",

"Last Updated Date","2020-02-27",

"Country Name","Country Code","Indicator Name","Indicator Code","1960","1961","1962","1963","1964","1965","1966","1967","1968","1969","1970","1971","1972","1973","1974","1975","1976","1977","1978","1979","1980","1981","1982","1983","1984","1985","1986","1987","1988","1989","1990","1991","1992","1993","1994","1995","1996","1997","1998","1999","2000","2001","2002","2003","2004","2005","2006","2007","2008","2009","2010","2011","2012","2013","2014","2015","2016","2017","2018","2019",
"Aruba","ABW","Homicidios intencionales (por cada 100.000 habitantes)","VC.IHR.PSRC.P5","","","","","","","","","","","","","","","","","","","","","","","","","","","","","","","0","","","","","7.5","","","","2.2","","4.3","5.3","4.1","2","6","5","3","4.9","3.9","3.9","2","3.9","5.8","1.9","","","","","",
"Afganistán","AFG","Homicidios intencionales (por cada 100.000 habitantes)","VC.IHR.PSRC.P5","","","","","","","","","","","","","","","","","","","","","","","","","","","","","","","","","","","","","","","","","","","","","","","","","","4","3.4","4.1","6.3","","","10","6.6","7.1","","",
"Angola","AGO","Homicidios intencionales (por cada 100.000 habitantes)","VC.IHR.PSRC.P5","","","","","","","","","","","","","","","","","","","","","","","","","","","","","","","","","","","","","","","","","","","","","","","","","","","","4.4","4.8","","","","","","","",
"Albania","ALB","Homicidios intencionales (por cada 100.000 habitantes)","VC.IHR.PSRC.P5","","","","","","","","","","","","","","","","","","","","","","","","","","","","","","","","","4","6","3.6","8.3","8.8","43.1","21.3","17.1","4.2","7","6.9","5.3","4.2","5","3.1","3.5","3.1","2.9","4.3","4.9","5.4","4.2","4","2.8","3.4","2.3","","",
"Andorra","AND","Homicidios intencionales (por cada 100.000 habitantes)","VC.IHR.PSRC.P5","","","","","","","","","","","","","","","","","","","","","","","","","","","","","","","","","","","","","","","","","","","","","1.3","","","0","1.2","0","0","1.2","0","0","0","0","","","","",
"El mundo árabe","ARB","Homicidios intencionales (por cada 100.000 habitantes)","VC.IHR.PSRC.P5","","","","","","","","","","","","","","","","","","","","","","","","","","","","","","","","","","","","","","","","","","","","","","","","","","","","","","","","","","","","",
"Emiratos Árabes Unidos","ARE","Homicidios intencionales (por cada 100.000 habitantes)","VC.IHR.PSRC.P5","","","","","","","","","","","","","","","","","","","","","","","","","","","","","","","","","","","","","","","","","","","","1.2","0.7","1.2","0.7","","","","0.8","0.6","0.8","0.6","0.7","0.7","0.7","0.5","","",
"Argentina","ARG","Homicidios intencionales (por cada 100.000 habitantes)","VC.IHR.PSRC.P5","","","","","","","","","","","","","","","","","","","","","","","","","","","","","","","","","","","","","","","","","","","","","","","","","","","","","","","7.5","6.5","6","5.1","","",
"Armenia","ARM","Homicidios intencionales (por cada 100.000 habitantes)","VC.IHR.PSRC.P5","","","","","","","","","","","","","","","","","","","","","","","","","","","","","","","5","5.3","8.9","8","4.8","3.6","3.6","3.2","3","2.9","3","2.9","2.3","2.5","2.8","1.9","2.7","2.6","3.3","3.4","1.9","2.5","2.3","2.2","2.5","2.6","3","2.4","","",
"Samoa Americana","ASM","Homicidios intencionales (por cada 100.000 habitantes)","VC.IHR.PSRC.P5","","","","","","","","","","","","","","","","","","","","","","","","","","","","","","","","","","","","","","","","","","1.7","11.9","5.1","6.7","10.1","6.8","1.7","5.3","3.6","9","9","3.6","5.4","5.4","7.2","5.4","","","",
"Antigua y Barbuda","ATG","Homicidios intencionales (por cada 100.000 habitantes)","VC.IHR.PSRC.P5","","","","","","","","","","","","","","","","","","","","","","","","","","","","","","","1.5","4.5","2.9","5.7","7","9.5","4","1.3","","","6","8.2","5.8","5.7","4.5","3.4","12.2","18.6","17.3","17.1","6.3","","10.3","","","","","","","",
"Australia","AUS","Homicidios intencionales (por cada 100.000 habitantes)","VC.IHR.PSRC.P5","","","","","","","","","","","","","","","","","","","","","","","","","","","","","","","2.2","2","1.7","1.9","1.8","2","1.9","2","1.8","2","1.9","1.8","1.9","1.5","1.3","1.3","1.4","1.2","1.2","1.2","1","1.1","1.1","1.1","1","1","0.9","0.8","","",
"Austria","AUT","Homicidios intencionales (por cada 100.000 habitantes)","VC.IHR.PSRC.P5","","","","","","","","","","","","","","","","","","","","","","","","","","","","","","","1.2","1.3","1.2","1","1.1","1","1.2","0.8","1","0.7","1","0.9","0.8","0.6","0.7","0.7","0.7","0.5","0.7","0.6","0.7","0.9","0.9","0.7","0.5","0.5","0.7","","","",
"Azerbaiyán","AZE","Homicidios intencionales (por cada 100.000 habitantes)","VC.IHR.PSRC.P5","","","","","","","","","","","","","","","","","","","","","","","","","","","","","","","4.5","4.9","7.5","6.3","6.5","5.7","5.1","3.6","3.5","3","2.8","2.7","2.6","2.2","2.4","2.2","2.2","2.2","2.2","","2.3","","2.2","2.4","2.5","2.3","2.1","2","","",
"Burundi","BDI","Homicidios intencionales (por cada 100.000 habitantes)","VC.IHR.PSRC.P5","","","","","","","","","","","","","","","","","","","","","","","","","","","","","","","","","","","","","","","","","","","","","","","","","4.2","4.4","4","3.9","5.4","5.4","5.7","4.5","6","","","",
"Bélgica","BEL","Homicidios intencionales (por cada 100.000 habitantes)","VC.IHR.PSRC.P5","","","","","","","","","","","","","","","","","","","","","","","","","","","","","","","1","1","1.2","1.4","1.2","1.4","1.2","1.4","","","2.1","2.7","3.1","2.2","2.6","2.1","2.1","2","1.9","1.7","1.7","1.9","1.8","1.8","1.9","2","1.5","1.7","","",
"Benin","BEN","Homicidios intencionales (por cada 100.000 habitantes)","VC.IHR.PSRC.P5","","","","","","","","","","","","","","","","","","","","","","","","","","","","","","","","","","","","","","","","","","","","","","","","","","","","","","","","","","1.1","","",
"Burkina Faso","BFA","Homicidios intencionales (por cada 100.000 habitantes)","VC.IHR.PSRC.P5","","","","","","","","","","","","","","","","","","","","","","","","","","","","","","","","","","","","","","","","","","","0.6","0.6","0.6","0.5","0.5","0.7","1","0.9","0.8","0.6","0.7","0.7","0.7","0.6","1.1","1.3","","",
"Bangladesh","BGD","Homicidios intencionales (por cada 100.000 habitantes)","VC.IHR.PSRC.P5","","","","","","","","","","","","","","","","","","","","","","","","","","","","","","","","","","","","","","","","","2.5","2.7","2.6","2.5","2.8","2.5","2.9","2.6","2.8","2.8","2.6","2.6","2.6","2.8","2.8","2.5","2.2","2.2","","",
"Bulgaria","BGR","Homicidios intencionales (por cada 100.000 habitantes)","VC.IHR.PSRC.P5","","","","","","","","","","","","","","","","","","","","","","","","","","","","","","","2.6","4.3","5.3","5.7","5.8","5.9","5.3","4.8","4.7","4.1","4.2","3.9","3.2","3.2","3.2","2.6","2.4","2.3","2.3","2","2","1.7","1.9","1.5","1.6","1.8","1.1","1.5","","",
"Bahrein","BHR","Homicidios intencionales (por cada 100.000 habitantes)","VC.IHR.PSRC.P5","","","","","","","","","","","","","","","","","","","","","","","","","","","","","","","","","","","","0.9","1.4","1","","","","1.3","1.1","0.4","0.8","0.4","0.7","0.4","0.5","1.1","0.9","0.5","0.3","0.4","0.5","","","","","",
"Bahamas","BHS","Homicidios intencionales (por cada 100.000 habitantes)","VC.IHR.PSRC.P5","","","","","","","","","","","","","","","","","","","","","","","","","","","","","","","17.6","10.7","15.4","12.9","18.8","14.3","18","16","","","24.8","14.2","16.8","15.8","13.6","15.8","18.2","22.8","20.9","24.5","26.1","34.6","29.8","31.5","32.4","37.7","28.4","30.9","","",
"Bosnia y Herzegovina","BIH","Homicidios intencionales (por cada 100.000 habitantes)","VC.IHR.PSRC.P5","","","","","","","","","","","","","","","","","","","","","","","","","","","","","","","1.6","","","","","","","","","","2.6","2.2","2.4","","1.8","1.9","1.9","1.7","1.8","1.9","1.5","1.4","1.7","1.3","1.4","1.6","1.3","1.2","","",
"Belarús","BLR","Homicidios intencionales (por cada 100.000 habitantes)","VC.IHR.PSRC.P5","","","","","","","","","","","","","","","","","","","","","","","","","","","","","","","5","4.5","5.8","7.4","8.1","9.5","9.6","10.1","10.3","9.8","10.2","9.8","10.1","9","8.4","8.6","7.7","6.8","5.7","5.1","4.2","3.9","3.6","3.5","3.6","","","","","",
"Belice","BLZ","Homicidios intencionales (por cada 100.000 habitantes)","VC.IHR.PSRC.P5","","","","","","","","","","","","","","","","","","","","","","","","","","","","","","","","","","","","","","","","","16.6","25.1","33.2","24.9","28.6","28.6","31.6","32.5","33.6","30.9","40.1","37.7","43.1","28.8","35","33.1","37.6","37.9","","",
"Bermudas","BMU","Homicidios intencionales (por cada 100.000 habitantes)","VC.IHR.PSRC.P5","","","","","","","","","","","","","","","","","","","","","","","","","","","","","","","1.6","4.9","1.6","4.8","9.6","","6.4","3.2","0","3.1","0","4.7","1.5","3.1","1.5","3.1","4.6","4.6","7.7","9.3","10.9","12.6","9.5","8","6.4","6.5","13","8.2","","",
"Bolivia","BOL","Homicidios intencionales (por cada 100.000 habitantes)","VC.IHR.PSRC.P5","","","","","","","","","","","","","","","","","","","","","","","","","","","","","","","","","","","","","","","","","","","","","","5.2","5.2","8.2","8.6","8.4","12.8","12.3","11.9","9","8.9","6.3","6.3","","","",
"Brasil","BRA","Homicidios intencionales (por cada 100.000 habitantes)","VC.IHR.PSRC.P5","","","","","","","","","","","","","","","","","","","","","","","","","","","","","","","19.6","18.5","16.8","17.8","18.7","20.9","21.6","22.2","22.6","22.8","23.7","24.7","25.3","25.7","24","23.3","23.9","23.4","23.8","22.8","22","24.2","26.5","26.8","28.6","28.4","29.7","30.5","","",
"Barbados","BRB","Homicidios intencionales (por cada 100.000 habitantes)","VC.IHR.PSRC.P5","","","","","","","","","","","","","","","","","","","","","","","","","","","","","","","13.1","8","8.4","8","7.6","6.4","","","7.5","8.6","7.4","9.2","9.2","12.1","8.1","10.6","12.7","9.1","8.3","6.8","11.1","9.6","7.8","8.5","8.8","10.9","7.7","10.5","","",
"Brunei Darussalam","BRN","Homicidios intencionales (por cada 100.000 habitantes)","VC.IHR.PSRC.P5","","","","","","","","","","","","","","","","","","","","","","","","","","","","","","","","","","","","","3","2.6","1.3","1.2","1.2","","","0.8","0.6","0.5","0.8","0.8","0.3","0.8","0.3","0.3","1","0.5","","","","","","",
"Bhután","BTN","Homicidios intencionales (por cada 100.000 habitantes)","VC.IHR.PSRC.P5","","","","","","","","","","","","","","","","","","","","","","","","","","","","","","","3.7","2.2","5.1","3.6","3.9","3.1","2.3","1.3","2","2.3","3.1","3.2","3.1","0.8","2.3","1.7","1.3","2","2.6","2.2","2.2","4.3","4.4","3.1","","1.5","1.1","1.6","","",
"Botswana","BWA","Homicidios intencionales (por cada 100.000 habitantes)","VC.IHR.PSRC.P5","","","","","","","","","","","","","","","","","","","","","","","","","","","","","","","","","","","","","","","","","","12.1","14.3","17.3","14.2","15.7","13.9","14.6","14.4","14.6","15","","","","","","","","","",
"República Centroafricana","CAF","Homicidios intencionales (por cada 100.000 habitantes)","VC.IHR.PSRC.P5","","","","","","","","","","","","","","","","","","","","","","","","","","","","","","","","","","","","","","","","","","","","","","","","","","","","","","","","","19.8","","","",
"Canadá","CAN","Homicidios intencionales (por cada 100.000 habitantes)","VC.IHR.PSRC.P5","","","","","","","","","","","","","","","","","","","","","","","","","","","","","","","2.4","2.7","2.6","2.2","2.1","2","2.1","2","1.9","1.8","1.8","1.8","1.9","1.7","2","2.1","1.9","1.8","1.8","1.8","1.6","1.8","1.6","1.4","1.5","1.7","1.7","1.8","","",
"Europa Central y del Báltico","CEB","Homicidios intencionales (por cada 100.000 habitantes)","VC.IHR.PSRC.P5","","","","","","","","","","","","","","","","","","","","","","","","","","","","","","","","","","","","","","","","","","","","","","","","","","","","","","","","","","","","",
"Suiza","CHE","Homicidios intencionales (por cada 100.000 habitantes)","VC.IHR.PSRC.P5","","","","","","","","","","","","","","","","","","","","","","","","","","","","","","","1.6","1.5","1.4","1.5","1.1","1.2","1.2","1.2","1.1","1.2","1","1.2","1.2","1","1.1","1","0.8","0.7","0.7","0.7","0.7","0.6","0.6","0.7","0.5","0.7","0.5","0.5","","",
"Islas del Canal","CHI","Homicidios intencionales (por cada 100.000 habitantes)","VC.IHR.PSRC.P5","","","","","","","","","","","","","","","","","","","","","","","","","","","","","","","","","","","","","","","","","","","","","","0.6","1.3","","0.6","","0","","","","","","","","","",
"Chile","CHL","Homicidios intencionales (por cada 100.000 habitantes)","VC.IHR.PSRC.P5","","","","","","","","","","","","","","","","","","","","","","","","","","","","","","","","","","","","","","","","","","","","3.2","","3.6","3.6","3.7","3.5","3.7","3.2","3.7","2.5","3.2","","3.4","3.4","4.3","","",
"China","CHN","Homicidios intencionales (por cada 100.000 habitantes)","VC.IHR.PSRC.P5","","","","","","","","","","","","","","","","","","","","","","","","","","","","","","","","","","","","2.2","2","2.1","2.1","2","2.1","2","2","1.9","1.9","1.6","1.4","1.2","1.1","1.1","1","0.9","0.8","0.8","0.7","0.7","0.6","0.6","","",
"Côte d'Ivoire","CIV","Homicidios intencionales (por cada 100.000 habitantes)","VC.IHR.PSRC.P5","","","","","","","","","","","","","","","","","","","","","","","","","","","","","","","","","","","","","","","","","","","","","","","","","","","","","","","","","","","","",
"Camerún","CMR","Homicidios intencionales (por cada 100.000 habitantes)","VC.IHR.PSRC.P5","","","","","","","","","","","","","","","","","","","","","","","","","","","","","","","","","","","","","","","","","3","4.8","6.4","6.1","","","","","4.1","6.6","5","4.1","4.2","","1","1.2","1.2","1.4","","",
"Congo, República Democrática del","COD","Homicidios intencionales (por cada 100.000 habitantes)","VC.IHR.PSRC.P5","","","","","","","","","","","","","","","","","","","","","","","","","","","","","","","","","","","","","","","","","","","","","","","","","","","","","","","","","","","","",
"Congo, República del","COG","Homicidios intencionales (por cada 100.000 habitantes)","VC.IHR.PSRC.P5","","","","","","","","","","","","","","","","","","","","","","","","","","","","","","","","","","","","","","","","","","","","","","","","","","","","","","","","","","","","",
"Colombia","COL","Homicidios intencionales (por cada 100.000 habitantes)","VC.IHR.PSRC.P5","","","","","","","","","","","","","","","","","","","","","","","","","","","","","","","71","81.4","79.3","78.6","73.5","59.6","61.4","60","58.8","61.2","65.7","67.9","68.3","55.8","47.3","41.8","39.9","38.8","35.9","34.8","33.7","34.8","35.1","32.6","27.9","26.5","25.5","24.9","","",
"Comoras","COM","Homicidios intencionales (por cada 100.000 habitantes)","VC.IHR.PSRC.P5","","","","","","","","","","","","","","","","","","","","","","","","","","","","","","","","","","","","","","","","","","","","","","","","","","","","","","","","","","","","",
"Cabo Verde","CPV","Homicidios intencionales (por cada 100.000 habitantes)","VC.IHR.PSRC.P5","","","","","","","","","","","","","","","","","","","","","","","","","","","","","","","","","","","","","","","","","","","","3.3","4.5","9.3","7.3","6","6.9","7.6","7.8","10.4","10.9","10.4","12.3","8.6","11.5","","","",
"Costa Rica","CRI","Homicidios intencionales (por cada 100.000 habitantes)","VC.IHR.PSRC.P5","","","","","","","","","","","","","","","","","","","","","","","","","","","","","","","4.5","4.2","4.9","4.8","5.3","5.2","5.3","5.7","5.9","6.4","6.3","6.4","6.3","7.3","6.7","7.9","8.1","8.4","11.6","11.7","11.6","10.3","8.7","8.7","10","11.6","11.9","12.3","","",
"Estados pequeos del Caribe","CSS","Homicidios intencionales (por cada 100.000 habitantes)","VC.IHR.PSRC.P5","","","","","","","","","","","","","","","","","","","","","","","","","","","","","","","","","","","","","","","","","","","","","","","","","","","","","","","","","","","","",
"Cuba","CUB","Homicidios intencionales (por cada 100.000 habitantes)","VC.IHR.PSRC.P5","","","","","","","","","","","","","","","","","","","","","","","","","","","","","","","","","6.3","7.4","8.3","7.8","6.7","6.8","7.4","5.5","5.3","5.4","5.9","5.7","5.9","6.1","5.1","5","4.6","5","4.5","4.7","5.5","5.9","5.2","5.4","5","","","",
"Curacao","CUW","Homicidios intencionales (por cada 100.000 habitantes)","VC.IHR.PSRC.P5","","","","","","","","","","","","","","","","","","","","","","","","","","","","","","","","","","","","","","","","","","7.7","30.3","33.6","32","20.1","13.6","19.2","","","","","","","","","","","","",
"Islas Caimán","CYM","Homicidios intencionales (por cada 100.000 habitantes)","VC.IHR.PSRC.P5","","","","","","","","","","","","","","","","","","","","","","","","","","","","","","","8","7.6","3.6","7","6.7","6.3","3","5.6","2.6","0","9.6","4.6","0","6.5","10.6","6.2","2","3.9","7.6","14.7","16.2","","","8.6","8.4","","","","","",
"Chipre","CYP","Homicidios intencionales (por cada 100.000 habitantes)","VC.IHR.PSRC.P5","","","","","","","","","","","","","","","","","","","","","","","","","","","","","","","0.7","0.1","0.2","0.6","0.8","1.1","1.1","0.7","0.8","1.1","0.8","0.7","0.2","1.4","1.6","1.9","1.4","1.2","0.8","1.7","0.7","0.8","1.9","1","1","1.3","1.1","0.6","","",
"República Checa","CZE","Homicidios intencionales (por cada 100.000 habitantes)","VC.IHR.PSRC.P5","","","","","","","","","","","","","","","","","","","","","","","","","","","","","","","","","","","2","1.7","1.7","1.8","1.7","1.7","1.9","1.3","1.4","1.6","1.3","1.1","1.3","1.2","1.1","0.9","1","0.8","1","0.8","0.8","0.8","0.6","0.6","","",
"Alemania","DEU","Homicidios intencionales (por cada 100.000 habitantes)","VC.IHR.PSRC.P5","","","","","","","","","","","","","","","","","","","","","","","","","","","","","","","1.5","1.7","1.7","1.6","1.7","1.7","1.5","1.4","1.2","1.2","1.2","1.1","1.2","1.1","1.1","1.1","1","0.9","0.9","1","1","0.9","0.8","0.8","0.9","0.8","1.2","1","","",
"Djibouti","DJI","Homicidios intencionales (por cada 100.000 habitantes)","VC.IHR.PSRC.P5","","","","","","","","","","","","","","","","","","","","","","","","","","","","","","","","","","","","","","","","","","","","","","","","","","","","","","","","","","","","",
"Dominica","DMA","Homicidios intencionales (por cada 100.000 habitantes)","VC.IHR.PSRC.P5","","","","","","","","","","","","","","","","","","","","","","","","","","","","","","","","","","","","","","","12.8","10","2.9","1.4","12.9","11.4","11.4","11.3","7.1","9.9","9.8","18.3","21","8.4","","","12.4","12.3","21.8","25.7","","",
"Dinamarca","DNK","Homicidios intencionales (por cada 100.000 habitantes)","VC.IHR.PSRC.P5","","","","","","","","","","","","","","","","","","","","","","","","","","","","","","","0.8","1.3","1.2","1.4","1.4","1.1","1.3","1.7","0.9","1","1.1","1","0.9","1.2","0.8","1","0.5","0.7","1","0.9","0.8","0.8","0.8","0.9","1.3","1.1","1","1.2","","",
"República Dominicana","DOM","Homicidios intencionales (por cada 100.000 habitantes)","VC.IHR.PSRC.P5","","","","","","","","","","","","","","","","","","","","","","","","","","","","","","","","12.4","10.8","12.2","13","12.8","12.9","12.7","13.5","12.6","14.1","12.6","14.5","21.2","24.6","25.9","22.9","22.2","24.8","24.3","25","25.1","22.3","19.2","17.4","","15.2","11.3","","",
"Argelia","DZA","Homicidios intencionales (por cada 100.000 habitantes)","VC.IHR.PSRC.P5","","","","","","","","","","","","","","","","","","","","","","","","","","","","","","","","","","","","","","","","","","","","2","1.4","0.6","0.9","0.8","0.9","0.8","0.7","0.8","1.4","1.3","1.5","1.4","","","","",
"Asia oriental y el Pacífico (excluido altos ingresos)","EAP","Homicidios intencionales (por cada 100.000 habitantes)","VC.IHR.PSRC.P5","","","","","","","","","","","","","","","","","","","","","","","","","","","","","","","","","","","","","","","","","","","","","","","","","","","","","","","","","","","","",
"inicial del dividendo demográfico","EAR","Homicidios intencionales (por cada 100.000 habitantes)","VC.IHR.PSRC.P5","","","","","","","","","","","","","","","","","","","","","","","","","","","","","","","","","","","","","","","","","","","","","","","","","","","","","","","","","","","","",
"Asia oriental y el Pacífico","EAS","Homicidios intencionales (por cada 100.000 habitantes)","VC.IHR.PSRC.P5","","","","","","","","","","","","","","","","","","","","","","","","","","","","","","","","","","","","","","","","","","","","","","","","","","","","","","","","","","","","",
"Europa y Asia central (excluido altos ingresos)","ECA","Homicidios intencionales (por cada 100.000 habitantes)","VC.IHR.PSRC.P5","","","","","","","","","","","","","","","","","","","","","","","","","","","","","","","","","","","","","","","","","","","","","","","","","","","","","","","","","","","","",
"Europa y Asia central","ECS","Homicidios intencionales (por cada 100.000 habitantes)","VC.IHR.PSRC.P5","","","","","","","","","","","","","","","","","","","","","","","","","","","","","","","","","","","","","","","","","","","","","","","","","","","","","","","","","","","","",
"Ecuador","ECU","Homicidios intencionales (por cada 100.000 habitantes)","VC.IHR.PSRC.P5","","","","","","","","","","","","","","","","","","","","","","","","","","","","","","","8.7","11","8.7","8.5","10.2","12","12.5","11","13.5","13.6","14.5","12.9","14.6","14.6","17.7","15.4","17.1","16","18","17.9","17.6","15.4","12.5","11","8.2","6.5","5.9","5.8","","",
"Egipto, República Árabe de","EGY","Homicidios intencionales (por cada 100.000 habitantes)","VC.IHR.PSRC.P5","","","","","","","","","","","","","","","","","","","","","","","","","","","","","","","0.5","0.5","0.5","0.4","0.4","","","","","","","","","0.6","0.4","0.7","0.7","0.9","1.2","1.1","2.2","3.1","2.5","","","","","","","",
"Zona del Euro","EMU","Homicidios intencionales (por cada 100.000 habitantes)","VC.IHR.PSRC.P5","","","","","","","","","","","","","","","","","","","","","","","","","","","","","","","","","","","","","","","","","","","","","","","","","","","","","","","","","","","","",
"Eritrea","ERI","Homicidios intencionales (por cada 100.000 habitantes)","VC.IHR.PSRC.P5","","","","","","","","","","","","","","","","","","","","","","","","","","","","","","","","","","","","","","","","","","","","","","","","","","","","","","","","","","","","",
"España","ESP","Homicidios intencionales (por cada 100.000 habitantes)","VC.IHR.PSRC.P5","","","","","","","","","","","","","","","","","","","","","","","","","","","","","","","1.2","1.1","1.1","1.2","1.1","1","1","1.2","1.3","1.2","1.4","1.4","1.3","1.4","1.2","1.2","1.1","1.1","0.9","0.9","0.9","0.8","0.8","0.6","0.7","0.7","0.6","0.7","","",
"Estonia","EST","Homicidios intencionales (por cada 100.000 habitantes)","VC.IHR.PSRC.P5","","","","","","","","","","","","","","","","","","","","","","","","","","","","","","","7.5","7.7","14.3","19","20.7","17.2","15.1","12.6","13.9","11.2","10.2","9.8","10.3","10.7","6.7","8.3","6.7","7.1","6.4","5.2","5.3","4.9","4.8","3.9","3.1","3.4","2.5","2.2","","",
"Etiopía","ETH","Homicidios intencionales (por cada 100.000 habitantes)","VC.IHR.PSRC.P5","","","","","","","","","","","","","","","","","","","","","","","","","","","","","","","","","","","","","","","","","","","","","","","","","","","","","","","","","","","","",
"Unión Europea","EUU","Homicidios intencionales (por cada 100.000 habitantes)","VC.IHR.PSRC.P5","","","","","","","","","","","","","","","","","","","","","","","","","","","","","","","","","","","","","","","","","","","","","","","","","","","","","","","","","","","","",
"Frágiles y situaciones de conflicto afectados","FCS","Homicidios intencionales (por cada 100.000 habitantes)","VC.IHR.PSRC.P5","","","","","","","","","","","","","","","","","","","","","","","","","","","","","","","","","","","","","","","","","","","","","","","","","","","","","","","","","","","","",
"Finlandia","FIN","Homicidios intencionales (por cada 100.000 habitantes)","VC.IHR.PSRC.P5","","","","","","","","","","","","","","","","","","","","","","","","","","","","","","","3","3.1","3.1","2.6","2.9","2.9","3","2.7","2.2","2.8","2.9","3","2.5","2","2.8","2.3","2.3","2.4","2.5","2.2","2.2","2","1.6","1.6","1.6","1.5","1.3","1.2","","",
"Fiji","FJI","Homicidios intencionales (por cada 100.000 habitantes)","VC.IHR.PSRC.P5","","","","","","","","","","","","","","","","","","","","","","","","","","","","","","","4.4","2.3","3.5","2","4.6","3.1","1.7","1.6","","","","","","3.1","2.8","2.8","2.7","2.5","2","3.4","2.3","2.3","2.3","2.2","2.3","","","","","",
"Francia","FRA","Homicidios intencionales (por cada 100.000 habitantes)","VC.IHR.PSRC.P5","","","","","","","","","","","","","","","","","","","","","","","","","","","","","","","2.4","2.4","2.3","2.6","2.4","2.3","2","1.6","1.6","1.6","1.8","1.7","1.9","1.6","1.6","1.6","1.4","1.6","1.6","1.3","1.3","1.4","1.2","1.2","1.2","1.6","1.4","1.3","","",
"Islas Feroe","FRO","Homicidios intencionales (por cada 100.000 habitantes)","VC.IHR.PSRC.P5","","","","","","","","","","","","","","","","","","","","","","","","","","","","","","","","","","","","","","","","","","","","","","","","","","","","","","","","","","","","",
"Micronesia (Estados Federados de)","FSM","Homicidios intencionales (por cada 100.000 habitantes)","VC.IHR.PSRC.P5","","","","","","","","","","","","","","","","","","","","","","","","","","","","","","","","","","","","","","","","","","","","","","","","","","","","","","","","","","","","",
"Gabón","GAB","Homicidios intencionales (por cada 100.000 habitantes)","VC.IHR.PSRC.P5","","","","","","","","","","","","","","","","","","","","","","","","","","","","","","","","","","","","","","","","","","","","","","","","","","","","","","","","","","","","",
"Reino Unido","GBR","Homicidios intencionales (por cada 100.000 habitantes)","VC.IHR.PSRC.P5","","","","","","","","","","","","","","","","","","","","","","","","","","","","","","","1.2","1.3","1.5","1.5","1.6","1.6","1.4","1.5","1.6","1.6","1.6","1.6","1.9","1.6","1.6","1.4","1.4","1.4","1.2","1.1","1.2","1","1","0.9","0.9","1","1.2","1.2","","",
"Georgia","GEO","Homicidios intencionales (por cada 100.000 habitantes)","VC.IHR.PSRC.P5","","","","","","","","","","","","","","","","","","","","","","","","","","","","","","","5","7.8","14.5","16.9","11.3","7.8","5.5","5.8","5","5.1","5.1","5.6","6.3","6.6","6.6","9","7.3","7.5","6.1","4.9","4.4","","","","2.7","","1","","","",
"Ghana","GHA","Homicidios intencionales (por cada 100.000 habitantes)","VC.IHR.PSRC.P5","","","","","","","","","","","","","","","","","","","","","","","","","","","","","","","","","","","","","","","","","","2.2","2","2.1","2.2","1.8","1.9","1.8","1.8","1.8","1.7","1.7","2.2","2.1","2","1.9","1.9","2.1","","",
"Gibraltar","GIB","Homicidios intencionales (por cada 100.000 habitantes)","VC.IHR.PSRC.P5","","","","","","","","","","","","","","","","","","","","","","","","","","","","","","","","","","","","","","","","","","","","","","","","","","0","3","","","","","","","","","",
"Guinea","GIN","Homicidios intencionales (por cada 100.000 habitantes)","VC.IHR.PSRC.P5","","","","","","","","","","","","","","","","","","","","","","","","","","","","","","","","","","","","","","","","","","","","","","","","","","","","","","","","","","","","",
"Gambia","GMB","Homicidios intencionales (por cada 100.000 habitantes)","VC.IHR.PSRC.P5","","","","","","","","","","","","","","","","","","","","","","","","","","","","","","","","","","","","","","","","","","","","","","","","","","","","","","","","","","","","",
"Guinea-Bissau","GNB","Homicidios intencionales (por cada 100.000 habitantes)","VC.IHR.PSRC.P5","","","","","","","","","","","","","","","","","","","","","","","","","","","","","","","","","","","","","","","","","","","","","","","","","","","","","","4.8","3.8","2.7","3.5","1.1","","",
"Guinea Ecuatorial","GNQ","Homicidios intencionales (por cada 100.000 habitantes)","VC.IHR.PSRC.P5","","","","","","","","","","","","","","","","","","","","","","","","","","","","","","","","","","","","","","","","","","","","","","","","","","","","","","","","","","","","",
"Grecia","GRC","Homicidios intencionales (por cada 100.000 habitantes)","VC.IHR.PSRC.P5","","","","","","","","","","","","","","","","","","","","","","","","","","","","","","","1","1.3","1.3","1.4","1.2","1.4","1.6","1.9","1.6","1.4","","1.2","0.8","1.1","1","1.2","1","1.1","1.3","1.3","1.5","1.6","1.5","1.4","0.9","0.8","0.8","0.7","","",
"Granada","GRD","Homicidios intencionales (por cada 100.000 habitantes)","VC.IHR.PSRC.P5","","","","","","","","","","","","","","","","","","","","","","","","","","","","","","","","","","","","","","","","","14.8","5.9","13.7","8.8","5.8","10.7","11.6","10.6","15.4","6.7","9.6","3.8","13.3","5.7","7.5","5.6","10.2","11.1","","",
"Groenlandia","GRL","Homicidios intencionales (por cada 100.000 habitantes)","VC.IHR.PSRC.P5","","","","","","","","","","","","","","","","","","","","","","","","","","","","","","","","","23.3","21.5","10.7","19.7","5.4","19.7","10.7","19.6","23.1","30.2","21.2","8.8","19.3","17.6","14","14.1","14.1","17.6","19.4","1.8","14.2","12.4","7.1","7.1","5.3","","","",
"Guatemala","GTM","Homicidios intencionales (por cada 100.000 habitantes)","VC.IHR.PSRC.P5","","","","","","","","","","","","","","","","","","","","","","","","","","","","","","","","","27.5","32.5","31.8","31.3","34","36.7","29.7","23.3","24.9","27.1","29.7","33.9","35.2","40.8","43.9","42.2","44.9","45.4","40.7","38","33.8","33.7","31.4","29.4","27.3","26.1","","",
"Guam","GUM","Homicidios intencionales (por cada 100.000 habitantes)","VC.IHR.PSRC.P5","","","","","","","","","","","","","","","","","","","","","","","","","","","","","","","","","","","","","","","","","1.3","5.1","1.3","5.1","5.7","4.4","6.9","0.6","0.6","3.1","1.9","2.5","","","","","","","","",
"Guyana","GUY","Homicidios intencionales (por cada 100.000 habitantes)","VC.IHR.PSRC.P5","","","","","","","","","","","","","","","","","","","","","","","","","","","","","","","12.1","25.8","14","15.5","14.2","14.3","11.6","11.4","14.9","12","10.1","10.6","19","27.8","17.4","18.9","20.4","15.4","21.2","15.7","18.8","17.4","18.5","20.4","19.5","19.4","18.4","14.8","","",
"Ingreso alto","HIC","Homicidios intencionales (por cada 100.000 habitantes)","VC.IHR.PSRC.P5","","","","","","","","","","","","","","","","","","","","","","","","","","","","","","","","","","","","","","","","","","","","","","","","","","","","","","","","","","","","",
"Hong Kong, Región Administrativa Especial","HKG","Homicidios intencionales (por cada 100.000 habitantes)","VC.IHR.PSRC.P5","","","","","","","","","","","","","","","","","","","","","","","","","","","","","","","2.4","1.6","1.8","1.4","1.6","1.2","1.2","1.6","1","1","0.6","1","1","0.8","0.7","0.5","0.5","0.3","0.5","0.7","0.5","0.2","0.4","0.9","0.4","0.3","0.4","0.3","","",
"Honduras","HND","Homicidios intencionales (por cada 100.000 habitantes)","VC.IHR.PSRC.P5","","","","","","","","","","","","","","","","","","","","","","","","","","","","","","","10","13.8","18.2","23.2","30.3","26.9","","","","40.3","48.7","52.1","52.8","57.9","50.5","43.6","41.3","46.5","56.6","65.7","76.1","85.1","84.3","74.3","66.9","57.5","56.5","41.7","","",
"Países pobres muy endeudados (PPME)","HPC","Homicidios intencionales (por cada 100.000 habitantes)","VC.IHR.PSRC.P5","","","","","","","","","","","","","","","","","","","","","","","","","","","","","","","","","","","","","","","","","","","","","","","","","","","","","","","","","","","","",
"Croacia","HRV","Homicidios intencionales (por cada 100.000 habitantes)","VC.IHR.PSRC.P5","","","","","","","","","","","","","","","","","","","","","","","","","","","","","","","2.9","9.2","8.2","4.6","3.1","3.6","2.7","2.6","2.3","2.5","2.3","1.8","1.7","1.6","1.9","1.6","1.7","1.4","1.6","1.1","1.4","1.1","1.2","1.1","0.8","0.9","1","1.1","","",
"Haití","HTI","Homicidios intencionales (por cada 100.000 habitantes)","VC.IHR.PSRC.P5","","","","","","","","","","","","","","","","","","","","","","","","","","","","","","","","","","","","","","","","","","","","","","","","5.1","5.1","6.1","6.8","9","10","10","9.3","10","9.5","","","",
"Hungría","HUN","Homicidios intencionales (por cada 100.000 habitantes)","VC.IHR.PSRC.P5","","","","","","","","","","","","","","","","","","","","","","","","","","","","","","","1.9","3","2.9","2.9","3","2.9","2.6","2.8","2.8","2.5","2","2.5","2","2.2","2.1","1.6","1.7","1.5","1.8","1.4","1.4","1.5","1.3","1.6","1.5","2.3","2.1","2.5","","",
"Sólo BIRF","IBD","Homicidios intencionales (por cada 100.000 habitantes)","VC.IHR.PSRC.P5","","","","","","","","","","","","","","","","","","","","","","","","","","","","","","","","","","","","","","","","","","","","","","","","","","","","","","","","","","","","",
"BIRF y la AIF","IBT","Homicidios intencionales (por cada 100.000 habitantes)","VC.IHR.PSRC.P5","","","","","","","","","","","","","","","","","","","","","","","","","","","","","","","","","","","","","","","","","","","","","","","","","","","","","","","","","","","","",
"total de la AIF","IDA","Homicidios intencionales (por cada 100.000 habitantes)","VC.IHR.PSRC.P5","","","","","","","","","","","","","","","","","","","","","","","","","","","","","","","","","","","","","","","","","","","","","","","","","","","","","","","","","","","","",
"mezcla de la AIF","IDB","Homicidios intencionales (por cada 100.000 habitantes)","VC.IHR.PSRC.P5","","","","","","","","","","","","","","","","","","","","","","","","","","","","","","","","","","","","","","","","","","","","","","","","","","","","","","","","","","","","",
"Indonesia","IDN","Homicidios intencionales (por cada 100.000 habitantes)","VC.IHR.PSRC.P5","","","","","","","","","","","","","","","","","","","","","","","","","","","","","","","","","","","","","","","0.9","1","1","","","0.7","0.6","","","","0.6","0.5","0.4","0.6","0.6","0.5","0.5","0.6","0.5","0.4","","",
"Sólo AIF","IDX","Homicidios intencionales (por cada 100.000 habitantes)","VC.IHR.PSRC.P5","","","","","","","","","","","","","","","","","","","","","","","","","","","","","","","","","","","","","","","","","","","","","","","","","","","","","","","","","","","","",
"Isla de Man","IMN","Homicidios intencionales (por cada 100.000 habitantes)","VC.IHR.PSRC.P5","","","","","","","","","","","","","","","","","","","","","","","","","","","","","","","","","","","","","","","","","","","","","","","","","","","","1.2","2.5","2.4","3.6","1.2","0","","","",
"India","IND","Homicidios intencionales (por cada 100.000 habitantes)","VC.IHR.PSRC.P5","","","","","","","","","","","","","","","","","","","","","","","","","","","","","","","5.1","5.5","5.5","5.2","5","4.8","4.8","4.8","4.9","4.6","4.6","4.3","4.2","4","4.1","3.9","3.9","3.8","3.8","3.8","3.8","3.8","3.8","3.6","3.7","3.4","3.2","","","",
"No clasificado","INX","Homicidios intencionales (por cada 100.000 habitantes)","VC.IHR.PSRC.P5","","","","","","","","","","","","","","","","","","","","","","","","","","","","","","","","","","","","","","","","","","","","","","","","","","","","","","","","","","","","",
"Irlanda","IRL","Homicidios intencionales (por cada 100.000 habitantes)","VC.IHR.PSRC.P5","","","","","","","","","","","","","","","","","","","","","","","","","","","","","","","0.5","0.6","0.7","0.6","0.7","1.2","1.1","1","1","1","1","1.3","1.3","0.9","0.7","1.2","1.4","1.8","1.1","1.2","1.2","0.9","1.1","1.1","1.1","0.7","0.8","0.9","","",
"Irán, República Islámica del","IRN","Homicidios intencionales (por cada 100.000 habitantes)","VC.IHR.PSRC.P5","","","","","","","","","","","","","","","","","","","","","","","","","","","","","","","","","","","","","","","","","","","","2.6","2.9","","","","","3","","","","2.6","2.5","","","","","",
"Iraq","IRQ","Homicidios intencionales (por cada 100.000 habitantes)","VC.IHR.PSRC.P5","","","","","","","","","","","","","","","","","","","","","","","","","","","","","","","6.7","6.5","7.6","5.9","6.5","","","","","","","","","","","","","","15.8","8.5","8.7","8.3","8.2","9.9","","","","","","",
"Islandia","ISL","Homicidios intencionales (por cada 100.000 habitantes)","VC.IHR.PSRC.P5","","","","","","","","","","","","","","","","","","","","","","","","","","","","","","","","","","","0","0","0.4","0.7","0","0.7","1.8","0.4","1.4","0","1","1","0","0.7","0","0.3","0.6","0.9","0.3","0.3","0.6","0.9","0.3","0.9","","",
"Israel","ISR","Homicidios intencionales (por cada 100.000 habitantes)","VC.IHR.PSRC.P5","","","","","","","","","","","","","","","","","","","","","","","","","","","","","","","3.3","2.4","3.1","2.8","2.7","2.1","2.1","2.8","2.5","2.3","2.4","3.6","3.6","3.1","2.7","2.5","2.7","1.8","1.9","1.8","2","2","1.7","","1.5","1.4","","","","",
"Italia","ITA","Homicidios intencionales (por cada 100.000 habitantes)","VC.IHR.PSRC.P5","","","","","","","","","","","","","","","","","","","","","","","","","","","","","","","3.1","3.4","2.6","1.9","1.7","1.8","1.7","1.5","1.6","1.4","1.3","1.2","1.1","1.2","1.2","1","1.1","1.1","1","1","0.9","0.9","0.9","0.8","0.8","0.8","0.7","","","",
"Jamaica","JAM","Homicidios intencionales (por cada 100.000 habitantes)","VC.IHR.PSRC.P5","","","","","","","","","","","","","","","","","","","","","","","","","","","","","","","22.4","23.2","25.6","26.4","27.5","30.7","36.1","40.1","32.9","32.4","33.4","42.5","38.8","35.9","53.9","61","48.5","57.1","58","60","51.4","40","38.7","42.1","35.1","42.1","47","57","","",
"Jordania","JOR","Homicidios intencionales (por cada 100.000 habitantes)","VC.IHR.PSRC.P5","","","","","","","","","","","","","","","","","","","","","","","","","","","","","","","3.4","3.2","3.6","3.9","4.5","0.8","1","0.9","","","","","","","","1.2","1.7","1.8","1.8","1.5","1.6","1.9","2","1.7","1.9","1.6","1.4","1.4","","",
"Japón","JPN","Homicidios intencionales (por cada 100.000 habitantes)","VC.IHR.PSRC.P5","","","","","","","","","","","","","","","","","","","","","","","","","","","","","","","0.5","0.5","0.5","0.6","0.6","0.6","0.5","0.6","0.6","0.6","0.5","0.5","0.5","0.5","0.5","0.5","0.5","0.4","0.5","0.4","0.4","0.3","0.3","0.3","0.3","0.3","0.3","0.2","","",
"Kazajstán","KAZ","Homicidios intencionales (por cada 100.000 habitantes)","VC.IHR.PSRC.P5","","","","","","","","","","","","","","","","","","","","","","","","","","","","","","","8.9","9.1","11.4","15.8","15.7","15.3","16.6","16.6","16.5","15.7","15.4","14.4","13","13.1","13.6","","","","11.3","10.9","8.5","8.5","7.5","6.5","5.2","4.8","","5","","",
"Kenya","KEN","Homicidios intencionales (por cada 100.000 habitantes)","VC.IHR.PSRC.P5","","","","","","","","","","","","","","","","","","","","","","","","","","","","","","","","","","","","","","","","","","","","","3.4","3","3","2.9","3.1","4.7","4.7","5.3","5.4","5.5","5","4.8","4.9","5","","",
"Kirguistán","KGZ","Homicidios intencionales (por cada 100.000 habitantes)","VC.IHR.PSRC.P5","","","","","","","","","","","","","","","","","","","","","","","","","","","","","","","13.8","8.3","10.5","12.2","12.1","11.7","11.2","9.3","8.9","8.9","8.7","7.8","8.2","8.4","8.3","9.7","8.7","8","7.9","7.8","16.8","8.5","6.8","5.3","5.5","5.2","4.5","4.2","","",
"Camboya","KHM","Homicidios intencionales (por cada 100.000 habitantes)","VC.IHR.PSRC.P5","","","","","","","","","","","","","","","","","","","","","","","","","","","","","","","","","4.5","6","2.9","3.7","4.9","2.8","6.8","4.9","4.7","3.3","3.4","4","3.9","3.4","3","2.9","2.4","2.3","2.3","1.8","","","","","","","","",
"Kiribati","KIR","Homicidios intencionales (por cada 100.000 habitantes)","VC.IHR.PSRC.P5","","","","","","","","","","","","","","","","","","","","","","","","","","","","","","","","0","0","0","0","0","1.3","0","0","0","3.6","4.7","","","","","","","7.1","1","3.9","10.5","7.5","","","","","","","",
"Saint Kitts y Nevis","KNA","Homicidios intencionales (por cada 100.000 habitantes)","VC.IHR.PSRC.P5","","","","","","","","","","","","","","","","","","","","","","","","","","","","","","","","","","","","9.3","9.2","16","18.1","13.4","6.6","13","10.7","21.1","22.9","16.5","34.5","32.1","45.7","53.1","40.8","65.4","34.2","","","","","","","",
"Corea, República de","KOR","Homicidios intencionales (por cada 100.000 habitantes)","VC.IHR.PSRC.P5","","","","","","","","","","","","","","","","","","","","","","","","","","","","","","","0.5","0.5","0.5","0.7","0.5","0.5","0.5","0.6","0.8","0.8","0.8","0.9","0.8","0.8","0.9","0.8","0.9","0.9","0.9","1.1","1","0.8","0.9","0.7","0.7","0.7","0.7","0.6","","",
"Kuwait","KWT","Homicidios intencionales (por cada 100.000 habitantes)","VC.IHR.PSRC.P5","","","","","","","","","","","","","","","","","","","","","","","","","","","","","","","","","","","","","1","","","","","1.8","1.1","1.3","1.9","1.8","1.9","2.4","1.4","1.7","2","1.8","1.8","","","","","","","",
"América Latina y el Caribe (excluido altos ingresos)","LAC","Homicidios intencionales (por cada 100.000 habitantes)","VC.IHR.PSRC.P5","","","","","","","","","","","","","","","","","","","","","","","","","","","","","","","","","","","","","","","","","","","","","","","","","","","","","","","","","","","","",
"República Democrática Popular Lao","LAO","Homicidios intencionales (por cada 100.000 habitantes)","VC.IHR.PSRC.P5","","","","","","","","","","","","","","","","","","","","","","","","","","","","","","","","","","","","","","","","","","","","","","","","","","","","","","","","","","","","",
"Líbano","LBN","Homicidios intencionales (por cada 100.000 habitantes)","VC.IHR.PSRC.P5","","","","","","","","","","","","","","","","","","","","","","","","","","","","","","","","","","","","","","","","","","","","","","","","","4.5","3.5","3.8","3.7","3.9","4.5","4.3","3.9","4","","","",
"Liberia","LBR","Homicidios intencionales (por cada 100.000 habitantes)","VC.IHR.PSRC.P5","","","","","","","","","","","","","","","","","","","","","","","","","","","","","","","","","","","","","","","","","","","","","","","","2.8","4.8","3.8","3.3","4","3.2","","","","","","","",
"Libia","LBY","Homicidios intencionales (por cada 100.000 habitantes)","VC.IHR.PSRC.P5","","","","","","","","","","","","","","","","","","","","","","","","","","","","","","","","","","","","","","","","","","","","","","","","","","","","","","","","","","","","",
"Santa Lucía","LCA","Homicidios intencionales (por cada 100.000 habitantes)","VC.IHR.PSRC.P5","","","","","","","","","","","","","","","","","","","","","","","","","","","","","","","10.1","7.1","9.9","5.6","6.9","10.9","8.1","8.6","9.1","10.3","14.7","21.5","26.3","22.4","22.8","25","26","17.3","23","22.8","25.5","26.5","22.3","18.8","19.3","15.8","16.9","29.6","","",
"América Latina y el Caribe","LCN","Homicidios intencionales (por cada 100.000 habitantes)","VC.IHR.PSRC.P5","","","","","","","","","","","","","","","","","","","","","","","","","","","","","","","","","","","","","","","","","","","","","","","","","","","","","","","","","","","","",
"Países menos desarrollados: clasificación de las Naciones Unidas","LDC","Homicidios intencionales (por cada 100.000 habitantes)","VC.IHR.PSRC.P5","","","","","","","","","","","","","","","","","","","","","","","","","","","","","","","","","","","","","","","","","","","","","","","","","","","","","","","","","","","","",
"Países de ingreso bajo","LIC","Homicidios intencionales (por cada 100.000 habitantes)","VC.IHR.PSRC.P5","","","","","","","","","","","","","","","","","","","","","","","","","","","","","","","","","","","","","","","","","","","","","","","","","","","","","","","","","","","","",
"Liechtenstein","LIE","Homicidios intencionales (por cada 100.000 habitantes)","VC.IHR.PSRC.P5","","","","","","","","","","","","","","","","","","","","","","","","","","","","","","","","","","","0","0","0","0","0","3","0","0","0","0","2.9","0","0","0","2.8","0","2.8","0","0","0","2.7","0","0","","","",
"Sri Lanka","LKA","Homicidios intencionales (por cada 100.000 habitantes)","VC.IHR.PSRC.P5","","","","","","","","","","","","","","","","","","","","","","","","","","","","","","","11.5","","","","","8.8","9.7","10","","10.3","","","","6.8","7.1","6.2","10.4","","10","5.5","3.8","3.6","3.3","3","2.7","2.4","2.5","2.3","","",
"Países de ingreso mediano bajo","LMC","Homicidios intencionales (por cada 100.000 habitantes)","VC.IHR.PSRC.P5","","","","","","","","","","","","","","","","","","","","","","","","","","","","","","","","","","","","","","","","","","","","","","","","","","","","","","","","","","","","",
"Ingreso mediano y bajo","LMY","Homicidios intencionales (por cada 100.000 habitantes)","VC.IHR.PSRC.P5","","","","","","","","","","","","","","","","","","","","","","","","","","","","","","","","","","","","","","","","","","","","","","","","","","","","","","","","","","","","",
"Lesotho","LSO","Homicidios intencionales (por cada 100.000 habitantes)","VC.IHR.PSRC.P5","","","","","","","","","","","","","","","","","","","","","","","","","","","","","","","32.4","33.6","38.4","39.1","48.1","","","","","","","","","","","","","45.1","37.6","35.8","37.4","34.5","30.7","31.1","","41.2","","","","",
"avanzada del dividendo demográfico","LTE","Homicidios intencionales (por cada 100.000 habitantes)","VC.IHR.PSRC.P5","","","","","","","","","","","","","","","","","","","","","","","","","","","","","","","","","","","","","","","","","","","","","","","","","","","","","","","","","","","","",
"Lituania","LTU","Homicidios intencionales (por cada 100.000 habitantes)","VC.IHR.PSRC.P5","","","","","","","","","","","","","","","","","","","","","","","","","","","","","","","4.9","5.8","7.2","11.3","12.7","13.8","11.2","10.9","8.7","8.8","10.6","10.2","8.5","10.1","10.1","11.1","8.7","8.5","9.3","8","7","6.9","6.7","6.6","5.4","5.9","5.2","4.5","","",
"Luxemburgo","LUX","Homicidios intencionales (por cada 100.000 habitantes)","VC.IHR.PSRC.P5","","","","","","","","","","","","","","","","","","","","","","","","","","","","","","","","","","","1.5","0.5","1","1","0.9","1.4","0.9","2","1.4","0.7","0.4","0.9","1.5","1.5","1.6","1","2","0.8","0","0.2","0.7","0.9","0.9","0.3","","",
"Letonia","LVA","Homicidios intencionales (por cada 100.000 habitantes)","VC.IHR.PSRC.P5","","","","","","","","","","","","","","","","","","","","","","","","","","","","","","","","","9.9","15","13.7","11.5","10.8","11.1","10.3","9.5","10","9.3","9.2","8.8","7.9","5.6","5.8","4.3","4.6","5","3.3","3.3","3.4","2.5","3.2","3.4","3.5","4.2","","",
"Región Administrativa Especial de Macao, China","MAC","Homicidios intencionales (por cada 100.000 habitantes)","VC.IHR.PSRC.P5","","","","","","","","","","","","","","","","","","","","","","","","","","","","","","","","5.4","1.9","3.5","4","2.1","4.3","7.5","5.9","8.8","2.3","1.8","0.4","1.7","0.8","0.8","2","1.2","0.8","1.1","0.4","0.7","0.7","0.2","0","0.2","0.2","0.3","","",
"Isla de San Martín (parte francesa)","MAF","Homicidios intencionales (por cada 100.000 habitantes)","VC.IHR.PSRC.P5","","","","","","","","","","","","","","","","","","","","","","","","","","","","","","","","","","","","","","","","","","","","","","","","","","","","22","5.6","22.5","22.8","17.1","28.5","","","",
"Marruecos","MAR","Homicidios intencionales (por cada 100.000 habitantes)","VC.IHR.PSRC.P5","","","","","","","","","","","","","","","","","","","","","","","","","","","","","","","0.4","0.5","0.5","0.6","0.7","","","2.6","2","1.9","1.6","1.9","1.6","1.7","1.6","1.5","1.6","1.7","1.3","1.4","1.4","1.3","1.1","1.3","1","1.2","1.7","2.1","","",
"Mónaco","MCO","Homicidios intencionales (por cada 100.000 habitantes)","VC.IHR.PSRC.P5","","","","","","","","","","","","","","","","","","","","","","","","","","","","","","","","","","","","","","","","","","3.1","","","3","3","2.9","0","0","0","0","0","0","0","","0","","","","",
"República de Moldova","MDA","Homicidios intencionales (por cada 100.000 habitantes)","VC.IHR.PSRC.P5","","","","","","","","","","","","","","","","","","","","","","","","","","","","","","","6.6","6.6","11.4","8.9","9.2","9.3","9.3","9.7","8.8","9.3","10.3","9.8","9.6","7.6","6.6","7.1","6.3","5.3","5.7","6","6.5","7.5","5.6","4.2","3.2","","","","","",
"Madagascar","MDG","Homicidios intencionales (por cada 100.000 habitantes)","VC.IHR.PSRC.P5","","","","","","","","","","","","","","","","","","","","","","","","","","","","","","","","","","","","","","","","","","","","","","","","","","","","","","","","","","","","",
"Maldivas","MDV","Homicidios intencionales (por cada 100.000 habitantes)","VC.IHR.PSRC.P5","","","","","","","","","","","","","","","","","","","","","","","","","","","","","","","0.4","","","","","0.8","","2.3","","","","2.4","2.7","1.3","","","","0.9","1.4","1.7","1.6","0.8","2.6","0.8","","","","","","",
"Oriente Medio y Norte de África","MEA","Homicidios intencionales (por cada 100.000 habitantes)","VC.IHR.PSRC.P5","","","","","","","","","","","","","","","","","","","","","","","","","","","","","","","","","","","","","","","","","","","","","","","","","","","","","","","","","","","","",
"México","MEX","Homicidios intencionales (por cada 100.000 habitantes)","VC.IHR.PSRC.P5","","","","","","","","","","","","","","","","","","","","","","","","","","","","","","","17","17.4","18.7","17.7","17.2","16.6","15.2","13.9","13.8","12.2","10.6","10","9.7","9.5","8.7","9.1","9.5","7.9","12.3","17.1","22","22.9","21.5","18.8","16.1","16.5","19.3","24.8","","",
"Islas Marshall","MHL","Homicidios intencionales (por cada 100.000 habitantes)","VC.IHR.PSRC.P5","","","","","","","","","","","","","","","","","","","","","","","","","","","","","","","","10.3","4.1","","4","","","","","","","","","","","","","","","","","","","","","","","","","",
" Ingreso mediano","MIC","Homicidios intencionales (por cada 100.000 habitantes)","VC.IHR.PSRC.P5","","","","","","","","","","","","","","","","","","","","","","","","","","","","","","","","","","","","","","","","","","","","","","","","","","","","","","","","","","","","",
"Macedonia del Norte","MKD","Homicidios intencionales (por cada 100.000 habitantes)","VC.IHR.PSRC.P5","","","","","","","","","","","","","","","","","","","","","","","","","","","","","","","","","","","","","","","2.4","1.9","2.3","2.7","2.9","3.4","2.4","2.1","2.2","2","1.7","1.7","2.1","1.4","1.4","1.1","1.7","1.2","0.9","1.5","","",
"Malí","MLI","Homicidios intencionales (por cada 100.000 habitantes)","VC.IHR.PSRC.P5","","","","","","","","","","","","","","","","","","","","","","","","","","","","","","","","","","","","","","","","","","","","","","","","","","","","","","","","","","","","",
"Malta","MLT","Homicidios intencionales (por cada 100.000 habitantes)","VC.IHR.PSRC.P5","","","","","","","","","","","","","","","","","","","","","","","","","","","","","","","1.1","0.8","1.6","1.9","0.8","","","","1.3","2.5","1","1.5","1.5","0","1.7","1","0","1","1.5","1","1","0.7","2.9","1.7","1.4","0.9","","","","",
"Myanmar","MMR","Homicidios intencionales (por cada 100.000 habitantes)","VC.IHR.PSRC.P5","","","","","","","","","","","","","","","","","","","","","","","","","","","","","","","5","","","","","3.7","","","","","2.3","2","1.7","1.6","1.5","1.4","1.6","1.5","1.6","1.8","1.6","2.1","2.8","2.4","2.4","2.2","2.3","","","",
"Oriente Medio y Norte de África (excluido altos ingresos)","MNA","Homicidios intencionales (por cada 100.000 habitantes)","VC.IHR.PSRC.P5","","","","","","","","","","","","","","","","","","","","","","","","","","","","","","","","","","","","","","","","","","","","","","","","","","","","","","","","","","","","",
"Montenegro","MNE","Homicidios intencionales (por cada 100.000 habitantes)","VC.IHR.PSRC.P5","","","","","","","","","","","","","","","","","","","","","","","","","","","","","","","","","","","","","","","","","","","4.4","3.3","2.3","3.6","4","1.9","3.9","3.4","2.4","3.4","2.7","1.6","3.2","2.7","4.5","2.4","","",
"Mongolia","MNG","Homicidios intencionales (por cada 100.000 habitantes)","VC.IHR.PSRC.P5","","","","","","","","","","","","","","","","","","","","","","","","","","","","","","","","","","","","","","","","","","","","13.9","13.3","15.8","13.1","11.3","8.1","8.2","8.8","9.6","7.1","7.1","7.3","6.2","5.7","6.2","","",
"Mariana","MNP","Homicidios intencionales (por cada 100.000 habitantes)","VC.IHR.PSRC.P5","","","","","","","","","","","","","","","","","","","","","","","","","","","","","","","","","","","","","","","","","","","","","","","","","","","","","","","","","","","","",
"Mozambique","MOZ","Homicidios intencionales (por cada 100.000 habitantes)","VC.IHR.PSRC.P5","","","","","","","","","","","","","","","","","","","","","","","","","","","","","","","","","","","","","","","","","","5.9","5.4","5.3","5.6","5.2","4.1","3.8","4.4","3.5","3.6","3.4","","","","","","","","",
"Mauritania","MRT","Homicidios intencionales (por cada 100.000 habitantes)","VC.IHR.PSRC.P5","","","","","","","","","","","","","","","","","","","","","","","","","","","","","","","","","","","","","","","","","","","","","","","","","","","","","","","","","","","","",
"Mauricio","MUS","Homicidios intencionales (por cada 100.000 habitantes)","VC.IHR.PSRC.P5","","","","","","","","","","","","","","","","","","","","","","","","","","","","","","","1.9","2.7","2.9","1.9","2.4","2.2","3","2.1","2.7","2","2.2","","","3.2","2.9","3","4.1","3.6","3.9","3.1","2.6","2.7","2.3","2.8","1.5","1.7","1.8","","","",
"Malawi","MWI","Homicidios intencionales (por cada 100.000 habitantes)","VC.IHR.PSRC.P5","","","","","","","","","","","","","","","","","","","","","","","","","","","","","","","","","","","","","","","","","6.2","7.7","4.7","2.4","3.2","1.5","6.1","5","5.5","2.2","3.4","2.2","1.7","","","","","","","",
"Malasia","MYS","Homicidios intencionales (por cada 100.000 habitantes)","VC.IHR.PSRC.P5","","","","","","","","","","","","","","","","","","","","","","","","","","","","","","","1.7","2.1","1.9","1.8","1.7","1.9","2.1","2.5","2.8","2.6","2.4","2.2","2.3","2.3","2","2.4","2.2","2.4","2.2","2","1.9","1.9","2.1","2.1","","","","","","",
"América del Norte","NAC","Homicidios intencionales (por cada 100.000 habitantes)","VC.IHR.PSRC.P5","","","","","","","","","","","","","","","","","","","","","","","","","","","","","","","","","","","","","","","","","","","","","","","","","","","","","","","","","","","","",
"Namibia","NAM","Homicidios intencionales (por cada 100.000 habitantes)","VC.IHR.PSRC.P5","","","","","","","","","","","","","","","","","","","","","","","","","","","","","","","","","","","","22.5","20.7","18.6","22.5","20.4","20","18.3","17.6","","17.5","","","","16.8","18.2","14.4","13.9","17.1","","","","","","","",
"Nueva Caledonia","NCL","Homicidios intencionales (por cada 100.000 habitantes)","VC.IHR.PSRC.P5","","","","","","","","","","","","","","","","","","","","","","","","","","","","","","","","","","","","","","","","","","","","","","","3.4","5","4.5","3.2","","","","","","","","","","",
"Níger","NER","Homicidios intencionales (por cada 100.000 habitantes)","VC.IHR.PSRC.P5","","","","","","","","","","","","","","","","","","","","","","","","","","","","","","","","","","","","","","","","","","","","","","","","","","","","4.9","4.4","","","","","","","",
"Nigeria","NGA","Homicidios intencionales (por cada 100.000 habitantes)","VC.IHR.PSRC.P5","","","","","","","","","","","","","","","","","","","","","","","","","","","","","","","","","","","","","","","","","","","","","","","","","","","","","","","","","","","","",
"Nicaragua","NIC","Homicidios intencionales (por cada 100.000 habitantes)","VC.IHR.PSRC.P5","","","","","","","","","","","","","","","","","","","","","","","","","","","","","","","16.2","17.3","19.1","17.2","16","15.3","14.1","14.2","13.1","11.3","9.5","10.5","10.7","12.1","12.2","13.6","13.2","12.9","13.2","14.2","13.7","12.7","11.5","10","8.7","8.6","7.4","","","",
"Países Bajos","NLD","Homicidios intencionales (por cada 100.000 habitantes)","VC.IHR.PSRC.P5","","","","","","","","","","","","","","","","","","","","","","","","","","","","","","","0.9","1.2","1.3","1.3","1.1","1.2","1.4","1.3","1.1","1.3","1.1","1.3","1.2","1.2","1.2","1.1","0.8","0.9","0.9","0.9","0.9","0.9","0.9","0.7","0.7","0.6","0.6","0.8","","",
"Noruega","NOR","Homicidios intencionales (por cada 100.000 habitantes)","VC.IHR.PSRC.P5","","","","","","","","","","","","","","","","","","","","","","","","","","","","","","","1.1","1.2","1.1","0.9","0.8","1","1","0.9","0.9","0.7","1.1","0.8","1","1.1","0.8","0.7","0.7","0.6","0.7","0.6","0.6","2.2","0.5","0.9","0.6","0.5","0.5","0.5","","",
"Nepal","NPL","Homicidios intencionales (por cada 100.000 habitantes)","VC.IHR.PSRC.P5","","","","","","","","","","","","","","","","","","","","","","","","","","","","","","","1.9","","","","","","","2.6","2.8","2.7","2.7","3.5","3.5","3","3.7","3.4","2.4","3.2","3.4","3","3","2.5","2.3","2.2","2","","2.2","","","",
"Nauru","NRU","Homicidios intencionales (por cada 100.000 habitantes)","VC.IHR.PSRC.P5","","","","","","","","","","","","","","","","","","","","","","","","","","","","","","","","","","","","","","","","","","","","","","","","","","","","","","","","","","","","",
"Nueva Zelandia","NZL","Homicidios intencionales (por cada 100.000 habitantes)","VC.IHR.PSRC.P5","","","","","","","","","","","","","","","","","","","","","","","","","","","","","","","1.9","1.6","1.9","1.2","1.6","1.1","1.3","1.6","1.3","1.2","1.3","1.3","1.5","1.1","1.1","1.5","1.2","1.1","1.2","1.5","1","0.9","0.9","1","0.9","1","1.1","0.7","","",
"Miembros OCDE","OED","Homicidios intencionales (por cada 100.000 habitantes)","VC.IHR.PSRC.P5","","","","","","","","","","","","","","","","","","","","","","","","","","","","","","","","","","","","","","","","","","","","","","","","","","","","","","","","","","","","",
"Omán","OMN","Homicidios intencionales (por cada 100.000 habitantes)","VC.IHR.PSRC.P5","","","","","","","","","","","","","","","","","","","","","","","","","","","","","","","","","","","","","","","","","","","","","","","","","","","","","","","0.3","0.4","0.4","0.5","","",
"Otros Estados pequeos","OSS","Homicidios intencionales (por cada 100.000 habitantes)","VC.IHR.PSRC.P5","","","","","","","","","","","","","","","","","","","","","","","","","","","","","","","","","","","","","","","","","","","","","","","","","","","","","","","","","","","","",
"Pakistán","PAK","Homicidios intencionales (por cada 100.000 habitantes)","VC.IHR.PSRC.P5","","","","","","","","","","","","","","","","","","","","","","","","","","","","","","","7.6","","","","","","7.2","7.2","7.7","6.9","6.4","6.8","6.5","6.3","6.4","6.4","6.4","6.6","7.4","7.5","7.7","8","7.8","7.7","7.2","5","4.4","4.2","","",
"Panamá","PAN","Homicidios intencionales (por cada 100.000 habitantes)","VC.IHR.PSRC.P5","","","","","","","","","","","","","","","","","","","","","","","","","","","","","","","11.3","11.7","12.1","11.7","12","13.8","8.9","11","9.6","9.6","9.9","9.9","11.9","10.5","9.4","10.9","6.5","8.1","14","15.7","12.6","14.8","16.9","17.3","15.5","11.9","10","9.7","","",
"Perú","PER","Homicidios intencionales (por cada 100.000 habitantes)","VC.IHR.PSRC.P5","","","","","","","","","","","","","","","","","","","","","","","","","","","","","","","","","","","","","","","","","","","","","","","","","","","","5.4","6.5","6.6","6.7","7.2","7.7","7.7","","",
"Filipinas","PHL","Homicidios intencionales (por cada 100.000 habitantes)","VC.IHR.PSRC.P5","","","","","","","","","","","","","","","","","","","","","","","","","","","","","","","15","13.7","12.7","11.6","9.4","","","","7.9","7.5","7.4","7.3","8.1","7.8","7.5","7.5","7.1","6.7","6.4","9.9","9.2","8.9","8.8","9.3","9.7","9.5","11","8.4","","",
"Palau","PLW","Homicidios intencionales (por cada 100.000 habitantes)","VC.IHR.PSRC.P5","","","","","","","","","","","","","","","","","","","","","","","","","","","","","","","","","","","","","","","","","","","","","","","","","","","","","","","","","","","","",
"Papua Nueva Guinea","PNG","Homicidios intencionales (por cada 100.000 habitantes)","VC.IHR.PSRC.P5","","","","","","","","","","","","","","","","","","","","","","","","","","","","","","","","","","","","","","","9.5","8.3","8.3","7.6","8","10.1","","9.5","9.4","7.8","8.9","10","10","","","","","","","","","",
"Polonia","POL","Homicidios intencionales (por cada 100.000 habitantes)","VC.IHR.PSRC.P5","","","","","","","","","","","","","","","","","","","","","","","","","","","","","","","1.8","2.2","2.2","2.4","2.4","2.2","2.3","2.1","2","1.9","2.2","2","1.9","1.7","1.6","1.4","1.3","1.4","0.9","1","1","1.1","1.1","0.8","0.7","0.8","0.7","0.8","","",
"previa al dividendo demográfico","PRE","Homicidios intencionales (por cada 100.000 habitantes)","VC.IHR.PSRC.P5","","","","","","","","","","","","","","","","","","","","","","","","","","","","","","","","","","","","","","","","","","","","","","","","","","","","","","","","","","","","",
"Puerto Rico","PRI","Homicidios intencionales (por cada 100.000 habitantes)","VC.IHR.PSRC.P5","","","","","","","","","","","","","","","","","","","","","","","","","","","","","","","17.1","23","24.1","26.3","27.2","23.4","23.3","19.3","17.3","15.7","18.3","19.7","20.6","20.8","21.1","20.5","19.9","19.5","21.8","24.2","27.4","31.4","27.2","24.5","19.2","16.7","19.2","18.5","","",
"Corea, República Popular Democrática de","PRK","Homicidios intencionales (por cada 100.000 habitantes)","VC.IHR.PSRC.P5","","","","","","","","","","","","","","","","","","","","","","","","","","","","","","","","","","","","","","","","","","","","","","","","","","","","","","","","","","","","",
"Portugal","PRT","Homicidios intencionales (por cada 100.000 habitantes)","VC.IHR.PSRC.P5","","","","","","","","","","","","","","","","","","","","","","","","","","","","","","","1.6","1.5","1.4","1.4","1.4","1.1","1","1.1","1.2","1.1","1.1","1","1.1","1.4","1.4","1.3","1.5","1.7","1.2","1.2","1.2","1.1","1.2","1.4","0.9","1","0.6","0.7","","",
"Paraguay","PRY","Homicidios intencionales (por cada 100.000 habitantes)","VC.IHR.PSRC.P5","","","","","","","","","","","","","","","","","","","","","","","","","","","","","","","","","","","","","","","","","18.8","24.3","24.9","22.9","21.2","15.3","12.6","13.1","13.8","13.4","11.9","10.4","10.2","9.3","8.8","9.3","8.9","","","",
"Ribera Occidental y Gaza","PSE","Homicidios intencionales (por cada 100.000 habitantes)","VC.IHR.PSRC.P5","","","","","","","","","","","","","","","","","","","","","","","","","","","","","","","","","","","","1.2","4.4","1.6","1.5","1.7","","","","2.7","2.7","2.4","","","1.2","1.1","0.8","0.6","0.6","0.5","0.8","1","0.7","","","",
"Estados pequeos de las Islas del Pacfico","PSS","Homicidios intencionales (por cada 100.000 habitantes)","VC.IHR.PSRC.P5","","","","","","","","","","","","","","","","","","","","","","","","","","","","","","","","","","","","","","","","","","","","","","","","","","","","","","","","","","","","",
"posterior al dividendo demográfico","PST","Homicidios intencionales (por cada 100.000 habitantes)","VC.IHR.PSRC.P5","","","","","","","","","","","","","","","","","","","","","","","","","","","","","","","","","","","","","","","","","","","","","","","","","","","","","","","","","","","","",
"Polinesia Francesa","PYF","Homicidios intencionales (por cada 100.000 habitantes)","VC.IHR.PSRC.P5","","","","","","","","","","","","","","","","","","","","","","","","","","","","","","","","","","","","","","","","","","","","","","","1.2","2.7","3.4","0.4","","","","","","","","","","",
"Qatar","QAT","Homicidios intencionales (por cada 100.000 habitantes)","VC.IHR.PSRC.P5","","","","","","","","","","","","","","","","","","","","","","","","","","","","","","","0.8","0.8","1.2","0.8","1","","","","0.4","0.5","0.2","0.8","","","0.7","0.7","0.5","0.8","0.9","0.5","0.2","0.2","0.3","0.4","0.4","","","","","",
"Rumania","ROU","Homicidios intencionales (por cada 100.000 habitantes)","VC.IHR.PSRC.P5","","","","","","","","","","","","","","","","","","","","","","","","","","","","","","","3.4","3.5","3.6","3.2","3.4","3.3","3.2","3.1","2.5","2.5","2.6","2.7","2.6","2.5","2.4","2.1","2.1","2","2.3","1.9","2","1.7","1.9","1.7","1.5","1.5","1.2","1.5","","",
"Federación de Rusia","RUS","Homicidios intencionales (por cada 100.000 habitantes)","VC.IHR.PSRC.P5","","","","","","","","","","","","","","","","","","","","","","","","","","","","","","","14.3","15.3","22.9","30.4","32.3","30.5","26.4","23.7","22.8","26","28.1","29.4","30.5","28.9","27.3","24.8","20.1","17.7","16.6","14.9","","","11.3","11.2","11.5","11.6","11","9.2","","",
"Rwanda","RWA","Homicidios intencionales (por cada 100.000 habitantes)","VC.IHR.PSRC.P5","","","","","","","","","","","","","","","","","","","","","","","","","","","","","","","","","","","","","","","","","","","","","","","3.5","2.8","1.5","","2.8","","2.4","3.2","3.8","2.5","","","","",
"Asia meridional","SAS","Homicidios intencionales (por cada 100.000 habitantes)","VC.IHR.PSRC.P5","","","","","","","","","","","","","","","","","","","","","","","","","","","","","","","","","","","","","","","","","","","","","","","","","","","","","","","","","","","","",
"Arabia Saudita","SAU","Homicidios intencionales (por cada 100.000 habitantes)","VC.IHR.PSRC.P5","","","","","","","","","","","","","","","","","","","","","","","","","","","","","","","","","","","","","","","","0.9","0.8","1.1","1.3","1.1","1.3","1.2","1","1","","","","","","","","1.5","","1.3","","",
"Sudán","SDN","Homicidios intencionales (por cada 100.000 habitantes)","VC.IHR.PSRC.P5","","","","","","","","","","","","","","","","","","","","","","","","","","","","","","","","","","","","","","","","","","","","","","","","4.7","5.2","","","","","","","","","","","",
"Senegal","SEN","Homicidios intencionales (por cada 100.000 habitantes)","VC.IHR.PSRC.P5","","","","","","","","","","","","","","","","","","","","","","","","","","","","","","","","","","","","","","","","","","","","","","","","","","","","","","","","","","","","",
"Singapur","SGP","Homicidios intencionales (por cada 100.000 habitantes)","VC.IHR.PSRC.P5","","","","","","","","","","","","","","","","","","","","","","","","","","","","","","","1.6","1.6","1.3","1.8","1.4","1.6","0.9","1","1.1","1","1","0.8","0.8","0.6","0.5","0.5","0.4","0.4","0.6","0.4","0.4","0.3","0.2","0.3","0.3","0.3","0.3","0.2","","",
"Islas Salomón","SLB","Homicidios intencionales (por cada 100.000 habitantes)","VC.IHR.PSRC.P5","","","","","","","","","","","","","","","","","","","","","","","","","","","","","","","","","","","","","","","","","","","","","4.4","5.5","4.8","5.3","3.8","","","","","","","","","","","",
"Sierra Leona","SLE","Homicidios intencionales (por cada 100.000 habitantes)","VC.IHR.PSRC.P5","","","","","","","","","","","","","","","","","","","","","","","","","","","","","","","","","","","","","","","","","","","","","2.1","1.7","1.7","2.2","3","2.5","2.5","2.8","1.7","","","1.7","","","","",
"El Salvador","SLV","Homicidios intencionales (por cada 100.000 habitantes)","VC.IHR.PSRC.P5","","","","","","","","","","","","","","","","","","","","","","","","","","","","","","","","","","","138.4","142.2","119.7","114.8","96.6","66","60.5","60.8","47.7","56.2","64.9","64.4","64.8","57.5","52","71.4","64.7","70.6","41.7","40.2","62.4","105.4","83.1","61.8","","",
"San Marino","SMR","Homicidios intencionales (por cada 100.000 habitantes)","VC.IHR.PSRC.P5","","","","","","","","","","","","","","","","","","","","","","","","","","","","","","","","","","","","0","0","0","0","0","0","0","3.6","0","0","0","0","0","0","0","0","0","","","","","","","","",
"Somalia","SOM","Homicidios intencionales (por cada 100.000 habitantes)","VC.IHR.PSRC.P5","","","","","","","","","","","","","","","","","","","","","","","","","","","","","","","","","","","","","","","","","","","","","","","","","","","","","","","","","","","","",
"Serbia","SRB","Homicidios intencionales (por cada 100.000 habitantes)","VC.IHR.PSRC.P5","","","","","","","","","","","","","","","","","","","","","","","","","","","","","","","","","","","","","","","","","2.4","2.6","2.1","1.9","1.8","1.6","1.7","1.9","1.5","1.7","1.4","1.5","1.2","1.6","1.4","1.2","1.4","1.1","","",
"África al sur del Sahara (excluido altos ingresos)","SSA","Homicidios intencionales (por cada 100.000 habitantes)","VC.IHR.PSRC.P5","","","","","","","","","","","","","","","","","","","","","","","","","","","","","","","","","","","","","","","","","","","","","","","","","","","","","","","","","","","","",
"Sudán del Sur","SSD","Homicidios intencionales (por cada 100.000 habitantes)","VC.IHR.PSRC.P5","","","","","","","","","","","","","","","","","","","","","","","","","","","","","","","","","","","","","","","","","","","","","","","","","","","","","13.9","","","","","","","",
"África al sur del Sahara","SSF","Homicidios intencionales (por cada 100.000 habitantes)","VC.IHR.PSRC.P5","","","","","","","","","","","","","","","","","","","","","","","","","","","","","","","","","","","","","","","","","","","","","","","","","","","","","","","","","","","","",
"Pequeños Estados","SST","Homicidios intencionales (por cada 100.000 habitantes)","VC.IHR.PSRC.P5","","","","","","","","","","","","","","","","","","","","","","","","","","","","","","","","","","","","","","","","","","","","","","","","","","","","","","","","","","","","",
"Santo Tomé y Príncipe","STP","Homicidios intencionales (por cada 100.000 habitantes)","VC.IHR.PSRC.P5","","","","","","","","","","","","","","","","","","","","","","","","","","","","","","","7","6","10.1","6.6","6.5","","","","","","","","","","","","2.5","2.5","8.4","2.9","3.4","3.4","","","","","","","","",
"Suriname","SUR","Homicidios intencionales (por cada 100.000 habitantes)","VC.IHR.PSRC.P5","","","","","","","","","","","","","","","","","","","","","","","","","","","","","","","","","","","","","","","","","14.4","16.5","11.8","12.3","9.3","13.8","12.3","8.8","8.3","","","","","5.3","5.8","6.1","7.3","5.5","","",
"República Eslovaca","SVK","Homicidios intencionales (por cada 100.000 habitantes)","VC.IHR.PSRC.P5","","","","","","","","","","","","","","","","","","","","","","","","","","","","","","","1.8","2.4","","2.6","2.4","2.4","2.5","2.6","2.4","2.6","2.4","2.2","2.2","2.5","2","1.7","1.5","1.5","1.6","1.4","1.5","1.6","1.2","1.3","1.3","0.8","1","1.5","","",
"Eslovenia","SVN","Homicidios intencionales (por cada 100.000 habitantes)","VC.IHR.PSRC.P5","","","","","","","","","","","","","","","","","","","","","","","","","","","","","","","2","2","2.4","1.3","2.1","2.2","1.9","1.8","0.7","1.3","1.8","1.4","1.8","1.1","1.4","1","0.6","1.2","0.5","0.6","0.7","0.8","0.7","0.6","0.8","1","0.5","0.9","","",
"Suecia","SWE","Homicidios intencionales (por cada 100.000 habitantes)","VC.IHR.PSRC.P5","","","","","","","","","","","","","","","","","","","","","","","","","","","","","","","1.1","1.3","1.3","1.2","1.1","1","1.1","1","1","1.1","1.1","1","1.1","0.9","1.2","0.9","1","1.2","0.9","1","1","0.9","0.7","0.9","0.9","1.1","1.1","1.1","","",
"Eswatini","SWZ","Homicidios intencionales (por cada 100.000 habitantes)","VC.IHR.PSRC.P5","","","","","","","","","","","","","","","","","","","","","","","","","","","","","","","18.9","19.2","19.2","18.8","16.1","","","","16.1","10.9","12.1","17.1","12.4","12.4","13.3","12.6","11.3","10.6","18.7","15.8","17.3","14","8.3","8","9.1","8.5","8.6","9.5","","",
"Sint Maarten (Dutch part)","SXM","Homicidios intencionales (por cada 100.000 habitantes)","VC.IHR.PSRC.P5","","","","","","","","","","","","","","","","","","","","","","","","","","","","","","","","","","","","","","","","","","","","","","","","","","","","","","","","","","","","",
"Seychelles","SYC","Homicidios intencionales (por cada 100.000 habitantes)","VC.IHR.PSRC.P5","","","","","","","","","","","","","","","","","","","","","","","","","","","","","","","","","","","","","","","","","","","","","11.4","","10","8.9","6.6","15.4","9.8","17.4","4.3","19.4","17.2","7.5","12.7","","","",
"República Árabe Siria","SYR","Homicidios intencionales (por cada 100.000 habitantes)","VC.IHR.PSRC.P5","","","","","","","","","","","","","","","","","","","","","","","","","","","","","","","","","","","","","","2","2.2","2.1","2.2","2.2","2.2","2.3","2.4","2.4","2.4","2.7","2.6","2.3","2.2","","","","","","","","","",
"Islas Turcas y Caicos","TCA","Homicidios intencionales (por cada 100.000 habitantes)","VC.IHR.PSRC.P5","","","","","","","","","","","","","","","","","","","","","","","","","","","","","","","0","0","7.7","7.3","13.7","6.5","6.3","12.1","0","0","0","0","9.2","0","","0","","7","6.8","6.6","","","","12.1","5.9","","","","","",
"Chad","TCD","Homicidios intencionales (por cada 100.000 habitantes)","VC.IHR.PSRC.P5","","","","","","","","","","","","","","","","","","","","","","","","","","","","","","","","","","","","","","","","","","","","","","","","","","","","","","","","","","","","",
"Asia oriental y el Pacífico (BIRF y la AIF)","TEA","Homicidios intencionales (por cada 100.000 habitantes)","VC.IHR.PSRC.P5","","","","","","","","","","","","","","","","","","","","","","","","","","","","","","","","","","","","","","","","","","","","","","","","","","","","","","","","","","","","",
"Europa y Asia central (BIRF y la AIF)","TEC","Homicidios intencionales (por cada 100.000 habitantes)","VC.IHR.PSRC.P5","","","","","","","","","","","","","","","","","","","","","","","","","","","","","","","","","","","","","","","","","","","","","","","","","","","","","","","","","","","","",
"Togo","TGO","Homicidios intencionales (por cada 100.000 habitantes)","VC.IHR.PSRC.P5","","","","","","","","","","","","","","","","","","","","","","","","","","","","","","","","","","","","","","","","","","","","","","","","","","","","","","","","","","","","",
"Tailandia","THA","Homicidios intencionales (por cada 100.000 habitantes)","VC.IHR.PSRC.P5","","","","","","","","","","","","","","","","","","","","","","","","","","","","","","","9.4","9.8","10.3","9.4","8.5","7.6","7.4","7.9","8.7","8.1","8.2","7.9","7.1","10","6.6","7.3","7.1","6.7","6","5.5","5.4","4.9","4.9","4.2","3.9","3.5","3.2","","","",
"Tayikistán","TJK","Homicidios intencionales (por cada 100.000 habitantes)","VC.IHR.PSRC.P5","","","","","","","","","","","","","","","","","","","","","","","","","","","","","","","3.2","2.7","11","23.3","11.2","7.5","8.3","8.4","8.2","5.8","4.6","3.7","2.8","2.5","2.1","2.3","2.8","1.8","1.4","1.3","2.4","1.6","","","","","","","","",
"Turkmenistán","TKM","Homicidios intencionales (por cada 100.000 habitantes)","VC.IHR.PSRC.P5","","","","","","","","","","","","","","","","","","","","","","","","","","","","","","","9","8.1","7.6","8.3","7.5","6.4","7.8","8.2","7.8","7.2","5.9","5.4","5.2","5","4.4","4.3","4.2","","","","","","","","","","","","","",
"América Latina y el Caribe (BIRF y la AIF)","TLA","Homicidios intencionales (por cada 100.000 habitantes)","VC.IHR.PSRC.P5","","","","","","","","","","","","","","","","","","","","","","","","","","","","","","","","","","","","","","","","","","","","","","","","","","","","","","","","","","","","",
"Timor-Leste","TLS","Homicidios intencionales (por cada 100.000 habitantes)","VC.IHR.PSRC.P5","","","","","","","","","","","","","","","","","","","","","","","","","","","","","","","","","","","","","","","","","","","","","2.3","4.5","4.7","5.8","3.2","2.9","3.5","","","","","3.9","","","","",
"Oriente Medio y Norte de África (BIRF y la AIF)","TMN","Homicidios intencionales (por cada 100.000 habitantes)","VC.IHR.PSRC.P5","","","","","","","","","","","","","","","","","","","","","","","","","","","","","","","","","","","","","","","","","","","","","","","","","","","","","","","","","","","","",
"Tonga","TON","Homicidios intencionales (por cada 100.000 habitantes)","VC.IHR.PSRC.P5","","","","","","","","","","","","","","","","","","","","","","","","","","","","","","","","","","","","2.1","2.1","2.1","","","1","6.1","6","6","2","4","7.9","1","3.9","7.7","1","1.9","1","","","","","","","",
"Asia meridional (BIRF y la AIF)","TSA","Homicidios intencionales (por cada 100.000 habitantes)","VC.IHR.PSRC.P5","","","","","","","","","","","","","","","","","","","","","","","","","","","","","","","","","","","","","","","","","","","","","","","","","","","","","","","","","","","","",
"África al sur del Sahara (BIRF y la AIF)","TSS","Homicidios intencionales (por cada 100.000 habitantes)","VC.IHR.PSRC.P5","","","","","","","","","","","","","","","","","","","","","","","","","","","","","","","","","","","","","","","","","","","","","","","","","","","","","","","","","","","","",
"Trinidad y Tobago","TTO","Homicidios intencionales (por cada 100.000 habitantes)","VC.IHR.PSRC.P5","","","","","","","","","","","","","","","","","","","","","","","","","","","","","","","","","","","","","","","","","9.5","11.9","13.4","17.8","20.1","29.8","28.5","29.9","41.6","38.4","35.6","26.4","28.3","30.2","29.9","30.9","","","","",
"Túnez","TUN","Homicidios intencionales (por cada 100.000 habitantes)","VC.IHR.PSRC.P5","","","","","","","","","","","","","","","","","","","","","","","","","","","","","","","","","","","","","","","","","","","","","1.9","2.6","2.4","2.7","2.7","2.4","2.7","","3","","","","","","","",
"Turquía","TUR","Homicidios intencionales (por cada 100.000 habitantes)","VC.IHR.PSRC.P5","","","","","","","","","","","","","","","","","","","","","","","","","","","","","","","","","","","","","","","","","","","","4.3","4.3","4.9","4.6","5.2","4.6","5.2","4.2","4.2","4.3","","","","","","","",
"Tuvalu","TUV","Homicidios intencionales (por cada 100.000 habitantes)","VC.IHR.PSRC.P5","","","","","","","","","","","","","","","","","","","","","","","","","","","","","","","","","","","","","","","","","","","0","0","0","0","0","0","0","0","9.5","9.4","18.6","","","","","","","",
"Tanzanía","TZA","Homicidios intencionales (por cada 100.000 habitantes)","VC.IHR.PSRC.P5","","","","","","","","","","","","","","","","","","","","","","","","","","","","","","","","","","","","7","7.4","7.4","","","","","","7.5","7.6","","","","","","8.4","8.7","8.3","7.3","7.5","7","6.2","","","",
"Uganda","UGA","Homicidios intencionales (por cada 100.000 habitantes)","VC.IHR.PSRC.P5","","","","","","","","","","","","","","","","","","","","","","","","","","","","","","","","","","","","8.3","8.5","8.8","","","","","","8","7.4","8.7","9.1","8.6","8.8","9.9","9.3","10.7","11.2","10.3","11.5","","10.8","11","","",
"Ucrania","UKR","Homicidios intencionales (por cada 100.000 habitantes)","VC.IHR.PSRC.P5","","","","","","","","","","","","","","","","","","","","","","","","","","","","","","","5","5.1","6.6","7.2","8.3","8.7","9.7","8.4","8.4","8.6","9","10","9","8.5","7.4","6.5","6.3","5.7","5.3","4.9","4.3","","5.2","","6.3","","","6.2","","",
"Ingreso mediano alto","UMC","Homicidios intencionales (por cada 100.000 habitantes)","VC.IHR.PSRC.P5","","","","","","","","","","","","","","","","","","","","","","","","","","","","","","","","","","","","","","","","","","","","","","","","","","","","","","","","","","","","",
"Uruguay","URY","Homicidios intencionales (por cada 100.000 habitantes)","VC.IHR.PSRC.P5","","","","","","","","","","","","","","","","","","","","","","","","","","","","","","","6.6","6.2","5.8","","","5.9","6.3","7.4","7.4","6.5","6.4","6.6","6.9","5.9","6","5.7","6.1","5.8","6.6","6.7","6.1","5.9","7.9","7.6","7.8","8.5","7.8","8.2","","",
"Estados Unidos","USA","Homicidios intencionales (por cada 100.000 habitantes)","VC.IHR.PSRC.P5","","","","","","","","","","","","","","","","","","","","","","","","","","","","","","","9.3","9.7","9.2","9.4","8.9","8.1","7.3","6.7","6.2","5.6","5.5","6.7","5.6","5.7","5.5","5.7","5.8","5.7","5.4","5","4.8","4.7","4.7","4.5","4.5","5","5.4","5.3","","",
"Uzbekistán","UZB","Homicidios intencionales (por cada 100.000 habitantes)","VC.IHR.PSRC.P5","","","","","","","","","","","","","","","","","","","","","","","","","","","","","","","5.5","5.1","5.3","5.2","5.4","5.1","4.9","4.4","4.4","4.1","4.3","4.3","4.1","3.7","3.7","3.4","3.2","3","3","","","","","","1.5","1.6","1.4","1.1","","",
"San Vicente y las Granadinas","VCT","Homicidios intencionales (por cada 100.000 habitantes)","VC.IHR.PSRC.P5","","","","","","","","","","","","","","","","","","","","","","","","","","","","","","","10.2","16.7","16.7","13","12","18.5","22.2","8.3","22.2","13","18.5","11.1","18.5","16.6","26.7","23.9","18.4","36.7","14.7","21.1","22.9","19.2","25.6","","","","36.5","","","",
"Venezuela","VEN","Homicidios intencionales (por cada 100.000 habitantes)","VC.IHR.PSRC.P5","","","","","","","","","","","","","","","","","","","","","","","","","","","","","","","12.5","12.3","15.7","20.2","21.8","20.2","21.9","18.3","19.3","24.9","32.8","31.9","37.8","43.8","36.9","37.2","45","47.5","51.8","48.9","45.1","47.8","53.8","","61.9","","56.3","","","",
"Islas Vírgenes Británicas","VGB","Homicidios intencionales (por cada 100.000 habitantes)","VC.IHR.PSRC.P5","","","","","","","","","","","","","","","","","","","","","","","","","","","","","","","6.1","0","0","0","0","10.9","10.6","","","5","","4.7","4.6","9.1","17.7","","8.4","","","","","","","","","","","","","",
"Islas Vírgenes (EE.UU.)","VIR","Homicidios intencionales (por cada 100.000 habitantes)","VC.IHR.PSRC.P5","","","","","","","","","","","","","","","","","","","","","","","","","","","","","","","","","","","","","","27.7","23","24.8","21.2","25.8","37.8","28.6","34.2","34.3","40","40.1","43.1","47","52.8","42.5","49.3","","","","","","","",
"Viet Nam","VNM","Homicidios intencionales (por cada 100.000 habitantes)","VC.IHR.PSRC.P5","","","","","","","","","","","","","","","","","","","","","","","","","","","","","","","","","","","","","","","","","","1.2","1.3","1.3","1.3","1.2","1.2","1.4","1.3","1.4","1.5","1.5","","","","","","","","",
"Vanuatu","VUT","Homicidios intencionales (por cada 100.000 habitantes)","VC.IHR.PSRC.P5","","","","","","","","","","","","","","","","","","","","","","","","","","","","","","","","","","","","","","","","","","","","","","","","","","","","","","","","","","","","",
"Mundo","WLD","Homicidios intencionales (por cada 100.000 habitantes)","VC.IHR.PSRC.P5","","","","","","","","","","","","","","","","","","","","","","","","","","","","","","","6.8","7","7.2","7.4","7.4","7.2","7","6.9","6.9","6.7","6.8","6.9","6.9","6.7","6.5","6.3","6.2","6","6.1","6.1","6.1","6.2","6.2","6.1","6.1","6","6","6.1","","",
"Samoa","WSM","Homicidios intencionales (por cada 100.000 habitantes)","VC.IHR.PSRC.P5","","","","","","","","","","","","","","","","","","","","","","","","","","","","","","","","","","","","","","","","","","","","","","","","","","8.7","8.6","","","3.1","","","","","","",
"Kosovo","XKX","Homicidios intencionales (por cada 100.000 habitantes)","VC.IHR.PSRC.P5","","","","","","","","","","","","","","","","","","","","","","","","","","","","","","","","","","","","","","","","","","","","","","","","","6.5","4.1","6","3.5","5","2.2","3","2.3","2.1","","","",
"Yemen, Rep. del","YEM","Homicidios intencionales (por cada 100.000 habitantes)","VC.IHR.PSRC.P5","","","","","","","","","","","","","","","","","","","","","","","","","","","","","","","","","","","","","","","3.6","5.9","3.9","","","3.6","3.2","4.6","4.2","3.9","3.9","4.3","4.7","5.7","6.5","6.7","","","","","","",
"Sudáfrica","ZAF","Homicidios intencionales (por cada 100.000 habitantes)","VC.IHR.PSRC.P5","","","","","","","","","","","","","","","","","","","","","","","","","","","","","","","","","","","63","63.9","59.4","56.1","56.6","50.2","47.6","46.1","45.8","41.6","39","38","38.7","36.9","35.9","32.9","30.8","29.8","30.6","31.7","32.6","33.8","34","35.9","","",
"Zambia","ZMB","Homicidios intencionales (por cada 100.000 habitantes)","VC.IHR.PSRC.P5","","","","","","","","","","","","","","","","","","","","","","","","","","","","","","","6.9","8.3","9.1","8.6","9.3","","","","8.8","10.5","7.6","","","","","","","","5.3","6","5.9","6","6","5.7","5.3","5.3","","","","",
"Zimbabwe","ZWE","Homicidios intencionales (por cada 100.000 habitantes)","VC.IHR.PSRC.P5","","","","","","","","","","","","","","","","","","","","","","","","","","","","","","","5.8","","","","","","","","","","","12.4","13","10.8","10.6","10.4","8.2","","","","5","","6.7","","","","","","","",
